<?xml version="1.0" encoding="UTF-8"?>
<project-private xmlns="http://www.netbeans.org/ns/project-private/1">
    <editor-bookmarks xmlns="http://www.netbeans.org/ns/editor-bookmarks/2" lastBookmarkId="0"/>
    <open-files xmlns="http://www.netbeans.org/ns/projectui-open-files/2">
        <group>
            <file>file:/C:/Users/Harmonico%20Lucas/Downloads/Sistema/Sistema%20para%20famácia%20com%20JFrame/Sistema%20de%20Vendas%20com%20JFrame/src/trabalhofinal/TrabalhoFinal.java</file>
            <file>file:/C:/Users/Harmonico%20Lucas/Downloads/Sistema/Sistema%20para%20famácia%20com%20JFrame/Sistema%20de%20Vendas%20com%20JFrame/src/Produtos/TelaProdutos.java</file>
            <file>file:/C:/Users/Harmonico%20Lucas/Downloads/Sistema/Sistema%20para%20famácia%20com%20JFrame/Sistema%20de%20Vendas%20com%20JFrame/src/Clientes/DadosCliente.java</file>
            <file>file:/C:/Users/Harmonico%20Lucas/Downloads/Sistema/Sistema%20para%20famácia%20com%20JFrame/Sistema%20de%20Vendas%20com%20JFrame/src/Clientes/TelaClientes.java</file>
            <file>file:/C:/Users/Harmonico%20Lucas/Downloads/Sistema/Sistema%20para%20famácia%20com%20JFrame/Sistema%20de%20Vendas%20com%20JFrame/src/Produtos/DadosProdutos.java</file>
            <file>file:/C:/Users/Harmonico%20Lucas/Downloads/Sistema/Sistema%20para%20famácia%20com%20JFrame/Sistema%20de%20Vendas%20com%20JFrame/src/Clientes/TelaListarClientes.java</file>
            <file>file:/C:/Users/Harmonico%20Lucas/Downloads/Sistema/Sistema%20para%20famácia%20com%20JFrame/Sistema%20de%20Vendas%20com%20JFrame/src/trabalhofinal/MenuPrincipal.java</file>
            <file>file:/C:/Users/Harmonico%20Lucas/Downloads/Sistema/Sistema%20para%20famácia%20com%20JFrame/Sistema%20de%20Vendas%20com%20JFrame/src/Produtos/txtDadosProdutos.java</file>
            <file>file:/C:/Users/Harmonico%20Lucas/Downloads/Sistema/Sistema%20para%20famácia%20com%20JFrame/Sistema%20de%20Vendas%20com%20JFrame/src/Produtos/TelaListar.java</file>
        </group>
    </open-files>
</project-private>
